Location,Name,Frequency,Duplex,Offset,Tone,rToneFreq,cToneFreq,DtcsCode,DtcsPolarity,Mode,TStep,Skip,Comment,URCALL,RPT1CALL,RPT2CALL,DVCODE
0,,146.010000,,0.600000,,88.5,88.5,023,NN,FM,5.00,,,,,,
1,,140.125000,,0.000000,,88.5,88.5,023,NN,FM,5.00,,,,,,
2,,145.225000,,0.000000,,88.5,88.5,023,NN,FM,5.00,,,,,,
3,,150.325000,,0.000000,,88.5,88.5,023,NN,FM,5.00,,,,,,
4,,440.125000,,0.000000,,88.5,88.5,023,NN,FM,5.00,,,,,,
5,,445.225000,,0.000000,,88.5,88.5,023,NN,FM,5.00,,,,,,
6,,450.325000,,0.000000,,88.5,88.5,023,NN,FM,5.00,,,,,,
7,N5UIG/R,431.300000,+,5.000000,Tone,179.9,88.5,023,NN,FM,5.00,,,,,,
8,NCTC,444.175000,+,5.000000,Tone,110.9,88.5,023,NN,FM,5.00,,,,,,
